full_name,username,batch
Hafiz Ashan Baig,ashanbaig,2023
Aqiba Abdul Qadir,Sulphite,2022
Hafiz Muhammad Owais Zafar,OwaisZafar01,2023
Sufyan Ali,Alixoxox,2023
Muhammad Hassin Saghir,Hassin007,2023
Umair Hashmi,daredevil24,2020
Jibran saleem,Jibran_sheikh,2023
Fatima Shahid,FatimaaShahid,2023
Sumbal Zehra,Sumbal-Zehra,2023
Fahad Khan,fahadkhan11899,2023
Hasnain Ahmed,Hassu083,2020
Sibtain Ahmed,SibtainAhmed,2020
Abdur Raafay,Abdur_Raafay,2022
Nishwa Shaikh,Nishwa-Shaikh,2023
Muhammad Faizan,faizan2sheikh,2020
Asra Siddiqui,asrasiddiqui,2023
Muhammed Hasan Misba,muhammedhm2002,2022
Tuba Naushad,Tuba-05,2022
Laiba Mushtaq,Laiba_Mushtaq,2022
Syed Abdul Kabir Qadri,abdulkabir_1,2022
Abdul Ahad,Abdul_Ahad18,2022
Muhammad Asnaif Asim,Asnaif,2022
Muhammad Umar ,Umar0346,2023
Aatka,Aatka,2023
Ayesha Ahmed ,TheAyeshaAhmed,2022
Farrukh Niaz,osamaniaz466,2021
Haseeb Alvi,haseebalvi911,2023
Huzaifa Naseer Khan,HuzaifaNaseer02,2021
Huzaifa Ahmed,i_huzaifaa,2024
Muhammad Qambar Hussain,muhammadqambarhussain,2023
Hiba Saeed,Hiba_Saeed,2024
Usman Rasheed Siddiqui,usman_rasheed_siddiqui_123,2024
Abdul Wahib,awahib480,2023
Syed Abdul Ali Zaidi,Syed_Abdul_Ali_Zaidi,2024
Aymen Shaikh,Aymen_Shaikh,2023
Misbah ul hasan,y8RxRWJ2rI,2024
Abdul Moazzim,AbdulMoazzam,2023
Muhammad Abdullah,MuhammadAbdullah_033,2023
Shafia Arif ,shafiaarif,2023
Iqra Syed ,Iqra_syed,2024
Anzal Hussain,anzal_hussain,2023
Somaan Ahmed Abbasi,Somaan_A,2023
Muhammad Yousuf Mateen ,MuhammadYousufMateen9,2023
Mohammed Ahmed Raza ,ahmedrazarais ,2023
Talha Adil,Talha_Adil,2023
Fatima Kashif,fatimakashif,2022
Saim Naveed,saim646,2023
Muhammad Sanawar,sanawarsaeed,2023
Muneeb Ahmed,muneeb_dev1,2022
Maida Jilani,maidajilani1970,2022
Taimoor Habib,taimoorhabib,2022
Fatima Mansoor,FatimaMansoor,2022
Hafsa Ahmed,Hafsa_Ahmed,2022
Manahil Ejaz,ManahilEjaz,2022
Mahwish Hussain,mahwish_hussain165,2022
Faizan Sheikh,faizan2sheikh,2020